,0
0,dark pop
1,baltimore indie
2,none
3,none
4,afrobeat
5,swedish indie pop
6,vintage schlager
7,none
8,lounge
9,none
10,hard rock
11,none
12,none
13,volksmusik
14,alternative country
15,contemporary jazz
16,melodic dubstep
17,none
18,indie soul
19,electropop
20,none
21,souldies
22,australian pop
23,go-go
24,none
25,none
26,drum and bass
27,post-disco soul
28,french indie pop
29,minimal techno
30,none
31,chill r&b
32,none
33,drum and bass
34,none
35,none
36,none
37,bristol electronic
38,none
39,none
40,pop
41,study beats
42,britpop
43,berlin school
44,float house
45,hip hop
46,none
47,azontobeats
48,traditional blues
49,none
50,house
51,nottingham indie
52,bubblegrunge
53,none
54,jump up
55,none
56,none
57,electronica
58,lo-fi beats
59,drum and bass
60,none
61,none
62,belgian techno
63,hungarian classical performance
64,none
65,melodic techno
66,none
67,none
68,electronica
69,none
70,disco
71,none
72,none
73,none
74,none
75,none
76,russian indie rock
77,none
78,etherpop
79,none
80,pop dance
81,none
82,none
83,folk-pop
84,traprun
85,liquid funk
86,dance pop
87,crunk
88,none
89,minimal tech house
90,none
91,none
92,french synthpop
93,none
94,vintage chanson
95,trap beats
96,none
97,drumfunk
98,hard stoner rock
99,spacesynth
100,none
101,none
102,none
103,east coast hip hop
104,latin pop
105,electronica
106,indie soul
107,complextro
108,none
109,progressive house
110,none
111,none
112,violin
113,classical
114,none
115,choro
116,afro house
117,none
118,hip house
119,deep liquid bass
120,none
121,none
122,romanian electronic
123,chicago house
124,indie quebecois
125,none
126,none
127,organic house
128,brill building pop
129,rock en espanol
130,pagode
131,none
132,new isolationism
133,none
134,none
135,early modern classical
136,orchestral soundtrack
137,ambient techno
138,none
139,none
140,melodic techno
141,none
142,pop r&b
143,none
144,none
145,none
146,italian techno
147,latin hip hop
148,lounge
149,none
150,none
151,none
152,liquid funk
153,shiver pop
154,none
155,melodic techno
156,italian techno
157,indie rock
158,none
159,blues
160,liquid funk
161,none
162,none
163,pop rap
164,saxophone trio
165,none
166,outsider house
167,big band
168,nu metal
169,none
170,minimal techno
171,glam metal
172,deep dnb
173,progressive trance
174,none
175,none
176,art pop
177,melodic techno
178,none
179,galician indie
180,none
181,lo-fi jazzhop
182,none
183,none
184,dancefloor dnb
185,none
186,post-teen pop
187,none
188,latin
189,none
190,latin arena pop
191,latin
192,deconstructed club
193,none
194,deconstructed club
195,portuguese experimental
196,fluxwork
197,organic house
198,none
199,none
200,funk
201,none
202,gangster rap
203,folk
204,classic rock
205,microhouse
206,hi-nrg
207,microhouse
208,none
209,indie jazz
210,korean mask singer
211,none
212,ye ye
213,pop rap
214,none
215,none
216,pop rock
217,vincy soca
218,tropical house
219,classical
220,electronica
221,moog
222,none
223,blues rock
224,none
225,zeuhl
226,georgian folk
227,none
228,none
229,dancefloor dnb
230,electropop
231,gospel
232,boy band
233,none
234,swedish electronic
235,anti-folk
236,swedish electronic
237,none
238,underground hip hop
239,none
240,experimental club
241,modern alternative rock
242,none
243,none
244,jump up
245,none
246,none
247,disco house
248,melodic techno
249,none
250,none
251,wonky
252,none
253,none
254,none
255,none
256,lo-fi house
257,trap
258,none
259,none
260,tech house
261,german dnb
262,chicago house
263,none
264,none
265,german techno
266,italian tech house
267,latin
268,none
269,none
270,deep groove house
271,new wave pop
272,deep euro house
273,indie pop rap
274,lo-fi jazzhop
275,french hip hop
276,tekk
277,hi-nrg
278,ukg revival
279,none
280,girl group
281,dream pop
282,none
283,disco house
284,none
285,rap
286,manchester hip hop
287,vapor trap
288,indie r&b
289,no wave
290,australian pop
291,rap
292,macedonian pop
293,drum and bass
294,deep groove house
295,none
296,turkish electronic
297,gangster rap
298,comic metal
299,none
300,uk pop
301,none
302,drum and bass
303,none
304,none
305,none
306,none
307,none
308,roots reggae
309,none
310,german tech house
311,synthpop
312,meditation
313,none
314,mpb
315,hamburg electronic
316,none
317,experimental pop
318,none
319,deep house
320,ethiopian pop
321,indie soul
322,classic bollywood
323,drum and bass
324,pop rap
325,none
326,none
327,classic uk pop
328,belgian edm
329,none
330,taiwan electronic
331,grime
332,deep groove house
333,none
334,none
335,progressive rock
336,ambient
337,german techno
338,none
339,none
340,none
341,bmore
342,modern rock
343,none
344,none
345,desi pop
346,none
347,none
348,none
349,italo dance
350,rap
351,indie soul
352,none
353,none
354,none
355,experimental techno
356,none
357,none
358,dub
359,swing
360,uk dnb
361,none
362,none
363,none
364,indie soul
365,swedish electronic
366,tropical house
367,none
368,none
369,indie jazz
370,none
371,dutch dnb
372,none
373,spiritual jazz
374,none
375,none
376,mbalax
377,none
378,none
379,j-ambient
380,none
381,tropical house
382,none
383,none
384,float house
385,london rap
386,rhythm and blues
387,dance pop
388,disco
389,none
390,celtic rock
391,none
392,brill building pop
393,none
394,none
395,none
396,microhouse
397,classic belgian pop
398,none
399,indie electronica
400,none
401,melodic dubstep
402,none
403,none
404,bubblegum pop
405,none
406,none
407,none
408,stateside dnb
409,none
410,none
411,none
412,none
413,experimental classical
414,none
415,dark clubbing
416,none
417,none
418,none
419,rock drums
420,none
421,art pop
422,none
423,none
424,early modern classical
425,none
426,none
427,none
428,none
429,none
430,none
431,experimental
432,none
433,east coast hip hop
434,tech house
435,madchester
436,none
437,diva house
438,none
439,none
440,none
441,none
442,none
443,none
444,none
445,symphonic rock
446,electronic trap
447,none
448,indie game soundtrack
449,none
450,none
451,none
452,none
453,none
454,none
455,classic psychedelic rock
456,stomp and holler
457,none
458,none
459,dance pop
460,minimal melodic techno
461,none
462,none
463,post-doom metal
464,none
465,none
466,contemporary jazz
467,electropop
468,melancholia
469,none
470,none
471,none
472,europop
473,none
474,melodic techno
475,progressive trance
476,none
477,indie soul
478,none
479,post-grunge
480,none
481,none
482,none
483,ethereal wave
484,australian rock
485,none
486,canadian singer-songwriter
487,none
488,british folk
489,none
490,jazz
491,none
492,jump up
493,funky tech house
494,chicago house
495,mexican techno
496,orthodox chant
497,experimental rock
498,diva house
499,melodic techno
500,new age
501,early modern classical
502,new age
503,none
504,myanmar indie
505,none
506,manipuri pop
507,dub techno
508,futurepop
509,none
510,none
511,none
512,minimal wave
513,deep dnb
514,none
515,french techno
516,ukg revival
517,minimalism
518,none
519,vapor soul
520,chamber psych
521,none
522,microhouse
523,classical
524,sophisti-pop
525,none
526,none
527,irish folk
528,pop punk
529,experimental
530,none
531,none
532,none
533,deep minimal techno
534,experimental guitar
535,pop
536,none
537,drumfunk
538,none
539,none
540,focus beats
541,none
542,pop punk
543,none
544,uk dance
545,gaming dubstep
546,comic
547,none
548,brill building pop
549,none
550,spiritual jazz
551,none
552,avant-garde jazz
553,brighton indie
554,none
555,deep techno
556,french pop
557,none
558,none
559,none
560,none
561,synthwave
562,baroque
563,none
564,electronica
565,none
566,none
567,power-pop punk
568,gbvfi
569,none
570,none
571,hip pop
572,progressive house
573,deep house
574,none
575,mexican classic rock
576,none
577,wave
578,writing
579,rock
580,electropop
581,british jazz
582,none
583,house
584,none
585,progressive trance
586,lo-fi beats
587,lo-fi beats
588,funk
589,deep tropical house
590,nueva musica mexicana
591,reggaeton
592,late romantic era
593,tagalog rap
594,none
595,none
596,none
597,lo-fi jazzhop
598,drum and bass
599,melodic techno
600,none
601,indie r&b
602,none
603,soul jazz
604,uk house
605,none
606,bedroom soul
607,hip hop
608,none
609,hardcore techno
610,dance pop
611,none
612,none
613,none
614,none
615,none
616,none
617,progressive electro house
618,none
619,none
620,none
621,sad lo-fi
622,hyperpop
623,gaming edm
624,none
625,boom bap
626,none
627,none
628,alternative rock
629,indie soul
630,none
631,german techno
632,none
633,none
634,none
635,none
636,disco house
637,none
638,american modern classical
639,none
640,early modern classical
641,post-romantic era
642,rap
643,trance
644,none
645,none
646,pop punk
647,none
648,none
649,icelandic electronic
650,none
651,none
652,swedish contemporary classical
653,dubstep
654,focus beats
655,none
656,none
657,rave
658,none
659,focus beats
660,none
661,modern rock
662,reggae fusion
663,none
664,none
665,none
666,art pop
667,italian techno
668,canadian trap
669,deep underground hip hop
670,italian progressive rock
671,rhythm and blues
672,none
673,emo rap
674,none
675,future rock
676,microhouse
677,minneapolis sound
678,electronica
679,none
680,samba-rock
681,none
682,hip hop
683,bubblegum dance
684,italian disco
685,deep dubstep
686,folk rock
687,electro house
688,christian lo-fi
689,alt z
690,liquid funk
691,dutch dnb
692,bedroom pop
693,art rock
694,none
695,indie soul
696,none
697,none
698,none
699,new wave
700,none
701,pop
702,none
703,uk contemporary jazz
704,contemporary jazz
705,organic house
706,none
707,none
708,dancefloor dnb
709,dance pop
710,none
711,instrumental rock
712,art pop
713,laboratorio
714,impressionism
715,none
716,rockabilly
717,rap latina
718,none
719,nigerian pop
720,uk hip hop
721,hip house
722,latin arena pop
723,none
724,tamil devotional
725,old school hip hop
726,none
727,none
728,double drumming
729,none
730,none
731,electra
732,none
733,drum and bass
734,none
735,deep groove house
736,classic house
737,drum and bass
738,electro house
739,impressionism
740,avant-garde
741,early modern classical
742,none
743,wonky
744,classic uk pop
745,indie jazz
746,disco
747,country
748,german dnb
749,soundtrack
750,none
751,tech house
752,none
753,fourth world
754,none
755,classic soul
756,bubblegum pop
757,funk
758,none
759,uk dnb
760,electra
761,none
762,hip hop
763,deep house
764,romanian house
765,electronica
766,none
767,free improvisation
768,none
769,none
770,none
771,deep euro house
772,liquid funk
773,none
774,garage house
775,glitchcore
776,lo-fi beats
777,none
778,none
779,ukg revival
780,eurodance
781,none
782,indie soul
783,none
784,classical
785,banjo
786,none
787,mellow gold
788,none
789,synthpop
790,rock-and-roll
791,classic romanian pop
792,none
793,none
794,none
795,uk contemporary jazz
796,indie r&b
797,none
798,none
799,indie jazz
800,mandopop
801,indian lo-fi
802,none
803,indie soul
804,classical
805,none
806,none
807,melodic rap
808,none
809,deconstructed club
810,dark techno
811,none
812,hip hop
813,none
814,none
815,progressive trance house
816,japanese house
817,funk
818,none
819,grebo
820,none
821,none
822,pop
823,none
824,none
825,classic israeli pop
826,musica mexicana
827,uk dancehall
828,none
829,progressive trance
830,none
831,house
832,avant-garde jazz
833,trap queen
834,none
835,rhythm and blues
836,none
837,british folk
838,ccm
839,rock nacional brasileiro
840,avant-garde
841,none
842,chamber psych
843,classical performance
844,none
845,none
846,german baroque
847,classical flute
848,none
849,french soundtrack
850,pop punk
851,new jack swing
852,hardcore techno
853,manchester indie
854,modern rock
855,edm
856,brostep
857,diva house
858,pop
859,classic house
860,none
861,focus beats
862,baroque
863,belgian edm
864,none
865,none
866,appalachian folk
867,melodic techno
868,none
869,contemporary r&b
870,none
871,rhythm and blues
872,none
873,none
874,none
875,swedish electropop
876,german rock
877,none
878,pop dance
879,none
880,new romantic
881,none
882,none
883,none
884,none
885,schlager
886,none
887,lo-fi beats
888,none
889,none
890,english indie rock
891,alternative rock
892,lo-fi jazzhop
893,alternative hip hop
894,jamaican dancehall
895,none
896,none
897,western swing
898,future bass
899,none
900,none
901,lo-fi beats
902,new french touch
903,none
904,none
905,none
906,none
907,muzica crestina
908,funky tech house
909,synthpop
910,electra
911,none
912,none
913,none
914,none
915,none
916,none
917,none
918,hyperpop
919,none
920,none
921,footwork
922,none
923,new wave
924,none
925,modern rock
926,none
927,none
928,none
929,art pop
930,glam metal
931,canadian pop
932,none
933,corridos tumbados
934,ukrainian electronic
935,none
936,none
937,chilean rock
938,none
939,alt z
940,float house
941,hyperpop
942,none
943,contemporary jazz
944,electropop
945,ye ye
946,none
947,lo-fi jazzhop
948,australian talent show
949,none
950,none
951,indie r&b
952,rhythm and blues
953,electronica
954,none
955,swedish indie rock
956,italian techno
957,none
958,focus beats
959,none
960,romanian house
961,acid techno
962,none
963,indie r&b
964,disco house
965,east coast hip hop
966,none
967,hip pop
968,modern rock
969,none
970,none
971,none
972,caucasian folk
973,none
974,laboratorio
975,none
976,new romantic
977,float house
978,acoustic pop
979,rap
980,proto-techno
981,none
982,free improvisation
983,new york drill
984,none
985,traprun
986,jungle
987,none
988,british jazz
989,rhythm and blues
990,indietronica
991,glam metal
992,none
993,none
994,none
995,none
996,italian techno
997,none
998,none
999,none
1000,none
1001,drum and bass
1002,none
1003,none
1004,none
1005,peruvian rock
1006,none
1007,deep disco house
1008,vapor twitch
1009,japanese techno
1010,hip pop
1011,none
1012,french hip hop
1013,none
1014,none
1015,none
1016,lo-fi jazzhop
1017,experimental club
1018,argentine rock
1019,none
1020,none
1021,drum and bass
1022,none
1023,bubblegum pop
1024,electronic trap
1025,hip hop
1026,dancehall
1027,jump up
1028,none
1029,indie r&b
1030,battle rap
1031,none
1032,german romanticism
1033,modern rock
1034,none
1035,none
1036,none
1037,alternative r&b
1038,irish gaelic folk
1039,none
1040,none
1041,none
1042,none
1043,microhouse
1044,none
1045,italian adult pop
1046,puerto rican pop
1047,none
1048,indie soul
1049,none
1050,jazz funk
1051,none
1052,classical
1053,none
1054,none
1055,afropop
1056,none
1057,talent show
1058,liquid funk
1059,edm
1060,none
1061,groove room
1062,cali rap
1063,none
1064,edm
1065,chicago punk
1066,spectra
1067,art rock
1068,southern hip hop
1069,deep liquid
1070,melodic dubstep
1071,none
1072,none
1073,none
1074,chill r&b
1075,none
1076,quiet storm
1077,electra
1078,jazzy dnb
1079,none
1080,none
1081,none
1082,noise rock
1083,funk
1084,none
1085,folk
1086,none
1087,indie pop
1088,swedish prog
1089,none
1090,none
1091,none
1092,britpop
1093,europop
1094,none
1095,none
1096,electronic trap
1097,none
1098,none
1099,none
1100,french synthpop
1101,none
1102,indie jazz
1103,jump blues
1104,none
1105,deep dnb
1106,indie r&b
1107,none
1108,classic bollywood
1109,latin pop
1110,none
1111,none
1112,none
1113,la pop
1114,neurofunk
1115,edm
1116,norwegian pop
1117,europop
1118,drum and bass
1119,electronic trap
1120,dancefloor dnb
1121,dancehall queen
1122,ukrainian electronic
1123,honky-tonk piano
1124,none
1125,breakbeat
1126,none
1127,indie jazz
1128,pop dance
1129,none
1130,underground hip hop
1131,none
1132,brazilian techno
1133,none
1134,techno
1135,pop rap
1136,chamber psych
1137,contemporary vocal jazz
1138,italian techno
1139,none
1140,ninja
1141,new wave pop
1142,none
1143,downtempo
1144,none
1145,none
1146,chillstep
1147,melodic dubstep
1148,drum and bass
1149,none
1150,classical
1151,traprun
1152,psychedelic jazz fusion
1153,rawstyle
1154,none
1155,blues rock
1156,none
1157,rock-and-roll
1158,none
1159,none
1160,progressive trance
1161,afro dancehall
1162,liquid funk
1163,moog
1164,none
1165,indie folk
1166,uk dnb
1167,none
1168,alternative rock
1169,none
1170,deep techno
1171,indie soul
1172,melodic techno
1173,early reggae
1174,none
1175,bassline
1176,none
1177,classical
1178,none
1179,miami hip hop
1180,none
1181,none
1182,none
1183,synth funk
1184,synthpop
1185,none
1186,none
1187,none
1188,none
1189,classic rock
1190,none
1191,dark trap
1192,disco
1193,deep groove house
1194,post-romantic era
1195,post-romantic era
1196,dancefloor dnb
1197,none
1198,ambient guitar
1199,philly indie
1200,none
1201,none
1202,latin rock
1203,none
1204,ukrainian electronic
1205,none
1206,classical performance
1207,none
1208,none
1209,none
1210,danish contemporary classical
1211,none
1212,none
1213,mexican techno
1214,art rock
1215,none
1216,new wave
1217,none
1218,techno
1219,none
1220,pop
1221,none
1222,none
1223,emo punk
1224,electropop
1225,none
1226,bubblegum dance
1227,gaming edm
1228,drum and bass
1229,latin
1230,southern hip hop
1231,experimental
1232,bebop
1233,complextro
1234,english indie rock
1235,none
1236,none
1237,garage rock revival
1238,none
1239,none
1240,folk punk
1241,canadian singer-songwriter
1242,drum and bass
1243,none
1244,australian pop
1245,none
1246,sertanejo universitario
1247,uk hip hop
1248,new wave pop
1249,none
1250,modern rock
1251,reggae
1252,french post-punk
1253,none
1254,canadian contemporary r&b
1255,early modern classical
1256,raw techno
1257,dark techno
1258,none
1259,funky house
1260,hip hop
1261,none
1262,none
1263,tekk
1264,french hip hop
1265,none
1266,chicago soul
1267,none
1268,happy hardcore
1269,none
1270,perth indie
1271,stateside dnb
1272,none
1273,sitar
1274,none
1275,british jazz
1276,dream pop
1277,soca
1278,none
1279,minimal dub
1280,none
1281,drum and bass
1282,indie rock
1283,fourth world
1284,bedroom pop
1285,none
1286,indian classical
1287,none
1288,art pop
1289,dub techno
1290,madrigal
1291,reggaeton
1292,none
1293,deep liquid
1294,french reggae
1295,french pop
1296,german techno
1297,brass band
1298,experimental
